INSERT INTO `estudiantes` (`Documento`, `ApellidosNombres`, `Mostrar`) VALUES
('123456701', 'JIMENEZ RODRIGUEZ LUIS FERNANDO', 0),
('123456702', 'ALVAREZ  ORTEGA PEPITO AURELIO', 0),
('123456703', 'JIMENEZ SEPULVEDA DANIEL FERNANDO', 0),
('123456704', 'JIMENEZ SEPULVEDA LUIS FERNANDO dos', 0),
('123456705', 'DASDASDASDQWE PEPITO SUME', 1),
('123456706', 'PEREZ PEREZ PEPITO PEPITO', 0),
('123456707', 'LANCHEROS YAYA JOSE  ANTONIO', 0),
('123456708', 'CELY ALTUZARRA JOSE ANIAL', 0),
('123456709', 'GORDILLO ESPINOSA ANGEL MANUEL', 0),
('123456710', 'JIMENEZ SEPULVEDA DANIEL FERNANDO', 0),
('123456711', 'SIQUEIRA RIBEIRO JONAS RAFAEL', 0),
('123456712', 'SIQUEIRA RIBEIRO JONAS RAFAEL', 0),
('123456713', 'JIMENEZ SEPULVEDA DANIEL FERNANDO', 0),
('123456714', 'NIÑO RODRIGUEZ JUAN ESTEBAN', 0),
('123456715', 'ROMERO MELO DANIEL EDUARDO', 0),
('123456716', 'TORRES TORRES ALEJANDRO', 0),
('123456717', 'SEPULVEDA AGUDELO LILIANA ESPERANZA', 0),
('123456718', 'ANDRADE RODRIGUEZ RENE JONATAN', 1),
('123456719', 'CIFUENTES PARRA PEPITO JOSE', 0),
('123456720', 'LEAL ALVAREZ FERNANDO JOSE', 0),
('123456721', 'TAMAYO GARZON JUAN FELIPE', 0),
('123456722', 'CHAPARRO NARVÁEZ CLARA INES', 0),
('123456723', 'PEREZ AVENDAÑO JUAN CARLOS', 0),
('123456724', 'SANCHEZ JAVIER', 0),
('123456725', 'RUIZ NICOLAS', 0),
('123456726', 'PAEZ RAMIREZ JULIANA VALENTINA', 0),
('123456727', 'ORTIZ MIGUEL ANGEL', 0),
('123456728', 'MANTILLA JUAN SEBASTIAN', 0),
('123456729', 'JEREZ MARIA PAULA', 0),
('123456730', 'BORBON SOFIA', 0),
('123456731', 'GALINDO AURA', 0),
('123456732', 'GÓMEZ JIMÉNEZ DANNA VALERIA', 0),
('123456733', 'GIRON CARLOS', 0),
('123456734', 'SARRIA ANA MARIA', 0),
('123456735', 'CERON CESAR', 0),
('123456736', 'PERAFAN MARIA ANGEL', 0),
('123456737', 'OME GALLO PAOLA ESTEFANIA', 0),
('123456738', 'BEDOYA SANTIAGO', 0),
('123456739', 'GIL BERMEO HANNA SOPHIA', 0),
('123456740', 'GUTIERREZ YENITH MARCELA', 0),
('123456741', 'HERRERA ADOLFO', 0),
('123456742', 'SUAREZ JOSHUA', 0),
('123456743', 'ECHEVERRY CARLOS', 0),
('123456744', 'SUAREZ HERNAN DARIO', 0),
('123456745', 'AVILA DIEGO', 0),
('123456746', 'ESTUPIÑAN DAIRA ALEJANDRA', 0),
('123456747', 'BORDA JAVIER', 0),
('123456748', 'RODRIGUEZ OMAR DAVID', 0),
('123456749', 'ROMERO SARA', 0),
('123456750', 'CORTES MARIA JOSE', 0),
('123456751', 'PARRADO QUEVEDO MARÍA FERNANDA', 0),
('123456752', 'JIMENEZ DANIEL FERNANDO', 1),
('123456753', 'JIMENEZ DANIEL FERNANDO', 1),
('123456754', 'JIMENEZ DANIEL FERNANDO', 1),
('123456755', 'JIMENEZ DANIEL FERNANDO', 1),
('123456756', 'JIMENEZ DANIEL FERNANDO', 1),
('123456757', 'RIAÑO ANDRES', 0),
('123456758', 'LASSO RIVERA LUISA FERNANDA', 0),
('123456759', 'GOMEZ ROMAN', 0),
('123456760', 'CRUZ TANIA', 0),
('123456761', 'RIAÑO CARUSSO', 0),
('123456762', 'GUERRA LUCIA', 0),
('123456763', 'RAMIREZ ADRIANA', 0),
('123456764', 'VAENZUELA JANETH', 0),
('123456765', 'ALBARRACIN VALERY', 0),
('123456766', 'PEREZ PEPITO', 0),
('123456767', 'JIMÉNEZ SANDRA', 0),
('123456768', 'GOMEZ CRUZ GABRIELA', 0),
('123456769', 'JIMENEZ EDINSON', 0),
('123456770', 'GARAVITO JULIO', 0),
('123456771', 'FILOSOFO HECTOR', 0),
('123456772', 'ZAMBRANO NESTOR', 0),
('123456778', 'SEPULVEDA LILIANA', 0),
('123456779', 'ARIAS ACERO LAURA VALENTINA', 0),
('123456780', 'ARIAS ACERO LAURA VALENTINA', 0),
('123456781', 'PEDRAZA CASTILLO ANTHONY', 0),
('123456782', 'JIMENEZ DANIEL', 1),
('123456783', 'ESCARRIA APOLINAR', 0),
('123456784', 'JIMENEZ RODRIGUEZ LUIS FERNANDO uno', 0),
('123456785', 'JIMENEZ SEPULVEDA DANIEL FERNANDO', 1),
('123456786', 'JIMENEZ SEPULVEDA DANIEL FERNANDO', 1),
('123456787', 'JIMENEZ SEPULVEDA DANIEL FERNANDO', 1),
('123456788', 'JIMENEZ DANIEL FERNANDO', 1),
('123456789', 'JIMENEZ DANIEL FERNANDO', 1),
('123456790', 'JIMENEZ DANIEL 2', 1),
('123456791', 'CASTIBLANCO VALENTINA', 0),
('123456792', 'REYES JUAN', 0),
('123456793', 'PADILLA DAVID', 0),
('123456794', 'JIMÉNEZ SEPULVEDA FELIPE ESTEBAN', 0),
('123456795', 'GRANADOS ISABELLA', 0),
('123456796', 'ESCANDON MARROQUIN ANDRES FELIPE', 0),
('123456797', 'ALARCON MAURICIO', 0),
('123456798', 'DIAZ PIZA ANDRES FELIPE', 0),
('123456799', 'GALAN SEBASTIAN DAVID', 0);

INSERT INTO `Escola` (`fk_Filial_Filial_PK`, `Nome`, `Id`, `Endereço`, `Telefone`) VALUES
(1, 'Demo', 1, "endereço 1", "12345601"),
(1, 'Juan Lozano Lozano', 2, "endereço 2", "12345602");

INSERT INTO `contratos` (`Id`,`fk_Escola_Id`, `Valor`, `Data_Inicial`, `Data_Final`) VALUES
(1, 1, 1001, '2019-01-01', '2019-12-31'),
(2, 2, 1002, '2018-11-24', '2019-11-29'),

-- fazer tabela funcionarios e professores e Disciplina

INSERT INTO `curso` (`Id`, `Nombre`) VALUES
(1, '101'),
(2, '201'),
(3, '1010'),
(4, '301'),
(5, '401'),
(6, '302'),
(7, '1101'),
(8, '901'),
(9, '1001');

INSERT INTO `Notificações` (`Id`, `Mensagem`, `Dia`) VALUES
(1, 'este es el primer mensaje de prueba', '2017-07-12 21:53:11'),
(2, 'Este es el segundo mensaje de prueba', '2017-07-12 21:53:59'),
(3, 'este es el cuarto mensaje de prueba', '2017-07-12 21:56:26'),
(4, 'este es el cuarto mensaje de prueba', '2017-07-12 21:56:26'),
(5, 'se informa que mañana no hay clase por falta de agua', '2017-08-17 11:55:26'),
(6, 'Revisa en portería. Desde ayer te endulzaron el día y no te han informado.', '2017-09-23 12:38:04'),
(7, 'Revisa en portería. Desde ayer 22/09/17  te endulzaron el día y no te han informado.', '2017-09-23 12:42:27'),
(8, 'Confirmado cita con padre de familia', '2018-01-18 13:48:12'),
(9, 'feliz cumpleaños', '2018-02-06 10:32:42'),
(10, 'este es un mensaje de prueba', '2018-02-06 17:52:52'),
(11, 'señor padre de familia favor acercarse al colegio. su hijo esta enfermo', '2018-02-20 16:28:42'),
(12, 'señor padre de familia favor se acerca al colegio. Su niña esta enferma. Con Coordinador de convivencia', '2018-04-26 11:07:27'),
(13, 'Señor padre de familia favor acercarse al colegio. Su hijo esta enfermo', '2018-04-26 12:05:38'),
(14, 'Señor padre de familia favor acercarse al colegio, su niña se enfermo', '2018-05-07 15:43:14'),
(15, 'senor padre de familia favor acercarse al colegio su hijo', '2018-05-08 10:51:56'),
(16, 'senor padre de familia favor acercarse al colegio su hijo', '2018-05-08 10:51:56'),
(17, 'Se informa que el estudiante se ausento a las 10am. Favor comunicarse con convivencia', '2018-05-09 15:00:58'),
(18, 'senor padre de familia favor comunicarse con el colegio. su hijo lo requiere', '2018-05-10 08:04:50'),
(19, 'SEÑOR PADRE DE FAMILIA FAVOR ACERCARSE AL COLEGIO SU HIJO SE ENFERMO', '2018-05-30 15:17:29'),
(20, 'señor padre de familia favor acercarse al colegio', '2018-07-05 13:14:43'),
(21, 'favor presentar al colegio su nina se enfermo', '2018-07-09 09:34:16'),
(22, 'Su hijo esta enfermo y debe presentarse urgentemente al colegio', '2018-07-09 12:38:51'),
(23, 'notificacionGruposnotificacionGruposnotificacionGruposnotificacionGrupos', '2018-07-27 02:15:04'),
(24, 'Senor padre de familia favor acercarse al colegio. Su hijo se enfermo', '2018-08-01 11:11:58'),
(25, 'SU HIJA ES BRILLANTE', '2018-08-09 13:56:22'),
(26, 'asdasdasdasdasd', '2018-08-14 02:04:19'),
(27, 'asdasdasdasdasd', '2018-08-14 02:04:39'),
(28, 'señor padre de familia favor acercarse al colegio su hijo se enfermo', '2018-08-14 11:25:48'),
(29, 'SEÑOR PADRE DE FAMILIA SU HIJO ESTA ENFERMO POR FAVOR RECOGERLO', '2018-08-16 09:31:38'),
(30, 'señor padre de familia favor acercarse al colegio. Su hijo se enfermo', '2018-08-16 11:58:21'),
(31, 'dasdasdasdasd', '2018-08-27 04:47:13'),
(32, 'dasdasdasdasd', '2018-08-27 04:47:13'),
(33, 'dasdasdasdasd', '2018-08-27 04:47:13'),
(34, 'dasdasdasdasd', '2018-08-27 04:47:13'),
(35, 'dasdasdasdasd', '2018-08-27 04:47:13'),
(36, 'dasdasdasdasd', '2018-08-27 04:47:13'),
(37, 'Felicidades.', '2018-08-28 11:36:13'),
(38, 'El miercoles 13 de septiembre no hay actividad académica', '2018-09-06 10:55:19'),
(39, 'señor padre de familia favor acercarse su hija se enfermo', '2018-09-11 12:05:31'),
(40, 'Señor padre de familia favor acercarse. su hija se enfermo', '2018-09-26 12:21:21'),
(41, 'señor padre de familia acerquese a coordinacion urgentemente', '2018-09-26 12:52:01'),
(42, 'se cita acudiente para el proximo lunes 15 de octubre 10:00 am\nCoordinación Gimnasio Obregon', '2018-10-04 11:03:34'),
(43, 'mensaje de prueba de operador enviado a las 16:51', '2018-10-11 16:51:20'),
(44, 'mensaje de prueba a las 2.31', '2018-10-12 14:31:44'),
(45, 'Podemos apoyarte para que el uso de la plataforma en su colegio sea un exito? Al ingresar a SIPAF por favor oprima al tiempo Ctrl F5 y actualiza. Ing Luisfer.', '2018-10-29 17:52:15'),
(46, 'señor padre de familia favor acercarse al colegio urgente. su hijo se enfermo', '2018-11-13 13:15:56'),
(47, 'son muy cansones', '2018-11-19 14:00:52'),
(48, 'señor padre de familia acercarse al colegio juan lozano se encuentra enfermo urgente eps', '2019-02-13 09:36:05'),
(49, 'estamos testiando el mensaje', '2019-03-20 11:40:48'),
(50, 'mensaje de prueba 2 con flash', '2019-03-20 11:42:21'),
(51, 'este es un mensaje de test', '2019-05-09 10:02:32'),
(52, 'Sr Coord se instalo la herramienta de auxilio de trasporte seccion reportes. Favor actualizar con F5 antes de enviar mensajes. En la espera de sus comentarios', '2019-05-09 12:20:39'),
(53, 'señor padre de familia su hija se enfermo. favor acercarse urgente', '2019-05-21 19:49:07'),
(54, 'señor padre su hijo se enfermo', '2019-05-23 15:35:40'),
(55, 'señor padre de familia su hijo se enfermo. favor acercarse', '2019-05-28 11:03:19'),
(56, 'SENOR PADRE DE FAMILIA FAVOR ACERCARSE AL COLEGIO', '2019-06-04 11:49:17');

-- fazer justificativas

INSERT INTO `Usuarios` (`RG`, `Usuário`, `Senha`, `Ativo`, `fk_Escola_Id`, `Nome`, `Telefone`) VALUES
(1, '1', '1', 1, 1, 'Daniel', 11234501),
(2, '2', '2', 1, 1, 'DemoColegio', 11234502),
(3, '3', '3', 1, 1, 'Matheus', 11234503),
(4, '4', '4', 1, 2, 'Rodrigo', 11234504),
(5, '5', '5', 1, 2, 'Diana', 11234505),
(6, '6', '6', 1, 2, 'DemoLozano', 11234506);

INSERT INTO `Presença` (`Id`, `fk_Estudante_RG`, `Tipo`, `Dia`) VALUES
(1, 123456704, 1, '2018-01-14'),
(2, 123456706, 1, '2018-01-14'),
(3, 123456707, 1, '2018-01-14'),
(4, 123456708, 2, '2018-01-14'),
(5, 123456709, 1, '2018-01-14'),
(6, 123456717, 1, '2018-01-14'),
(7, 123456718, 1, '2018-01-14'),
(10, 123456704, 1, '2018-01-14'),
(11, 123456719, 1, '2018-01-14'),
(12, 123456718, 2, '2018-01-14'),
(13, 123456720, 1, '2018-01-14'),
(14, 123456721, 1, '2018-01-14'),
(15, 123456722, 1, '2018-01-14'),
(16, 123456723, 1, '2018-01-14'),
(17, 123456724, 1, '2018-01-14'),
(18, 123456725, 1, '2018-01-14'),
(19, 123456726, 1, '2018-01-14'),
(20, 123456710, 1, '2018-01-14'),
(21, 123456727, 1, '2018-01-14'),
(22, 123456728, 1, '2018-01-14'),
(23, 123456730, 1, '2018-01-14'),
(24, 123456730, 1, '2018-01-14'),
(25, 123456731, 1, '2018-01-14'),
(26, 123456732, 1, '2018-01-14'),
(27, 123456717, 1, '2018-01-14'),
(28, 123456733, 1, '2018-01-14'),
(29, 123456734, 1, '2018-01-14'),
(30, 123456735, 1, '2018-01-14'),
(31, 123456737, 1, '2018-01-14'),
(32, 123456735, 2, '2018-01-14'),
(33, 123456736, 2, '2018-01-14'),
(34, 123456738, 2, '2018-01-14'),
(35, 123456739, 1, '2018-01-14'),
(36, 123456740, 1, '2018-01-14'),
(37, 123456741, 1, '2018-01-14'),
(38, 123456742, 1, '2018-01-14'),
(39, 123456744, 1, '2018-01-14'),
(40, 123456745, 2, '2018-01-14'),
(41, 123456746, 1, '2018-01-14'),
(42, 123456747, 1, '2018-01-14'),
(43, 123456748, 1, '2018-01-14'),
(44, 123456748, 1, '2018-01-14'),
(45, 123456745, 2, '2018-01-14'),
(46, 123456749, 1, '2018-01-14'),
(47, 123456750, 1, '2018-01-14'),
(48, 123456752, 1, '2018-01-14'),
(49, 123456710, 2, '2018-01-14'),
(50, 123456757, 1, '2018-01-14'),
(51, 123456758, 1, '2018-01-14'),
(52, 123456745, 1, '2018-01-14'),
(53, 123456730, 2, '2018-01-14'),
(54, 123456759, 1, '2018-01-14'),
(55, 123456760, 1, '2018-01-14'),
(56, 123456761, 1, '2018-01-14'),
(57, 123456745, 1, '2018-01-14'),
(58, 123456730, 2, '2018-01-14'),
(59, 123456717, 1, '2018-01-14'),
(60, 123456712, 2, '2018-01-14'),
(61, 123456762, 1, '2018-01-14'),
(62, 123456763, 1, '2018-01-14'),
(63, 123456764, 1, '2018-01-14'),
(64, 123456765, 1, '2018-01-14'),
(65, 123456766, 1, '2018-01-14'),
(66, 123456767, 1, '2018-01-14'),
(67, 123456753, 1, '2018-01-14'),
(68, 123456754, 2, '2018-01-14'),
(69, 123456752, 1, '2018-01-14'),
(70, 123456755, 2, '2018-01-14'),
(71, 123456768, 1, '2018-01-14'),
(72, 123456755, 1, '2018-01-14'),
(73, 123456756, 2, '2018-01-14'),
(74, 123456769, 1, '2018-01-14'),
(75, 123456713, 1, '2018-01-14'),
(76, 123456706, 2, '2018-01-14'),
(77, 123456769, 1, '2018-01-14'),
(78, 123456713, 2, '2018-01-14'),
(79, 123456769, 1, '2018-01-14'),
(80, 123456706, 1, '2018-01-14'),
(81, 123456704, 1, '2018-01-14'),
(82, 123456755, 1, '2018-01-14'),
(83, 123456756, 2, '2018-01-14'),
(84, 123456756, 1, '2018-01-14'),
(85, 123456755, 2, '2018-01-14'),
(86, 123456770, 1, '2018-01-14'),
(87, 123456771, 1, '2018-01-14'),
(88, 123456772, 2, '2018-01-14'),
(89, 123456755, 1, '2018-01-14'),
(90, 123456756, 2, '2018-01-14'),
(91, 123456704, 2, '2018-01-14'),
(92, 123456781, 1, '2018-01-14'),
(93, 123456778, 1, '2018-01-14'),
(94, 123456713, 2, '2018-01-14'),
(95, 123456783, 1, '2018-01-14'),
(96, 123456755, 1, '2018-01-14'),
(97, 123456756, 2, '2018-01-14'),
(98, 123456710, 1, '2018-01-14'),
(99, 123456704, 2, '2018-01-14'),
(100, 123456704, 1, '2018-01-14'),
(101, 123456710, 2, '2018-01-14'),
(102, 123456755, 1, '2018-01-14'),
(103, 123456784, 2, '2018-01-14'),
(104, 123456784, 1, '2018-01-14'),
(105, 123456791, 1, '2018-01-14'),
(106, 123456792, 1, '2018-01-14'),
(107, 123456755, 1, '2018-01-14'),
(108, 123456795, 1, '2018-01-14'),
(109, 123456796, 2, '2018-01-14'),
(110, 123456795, 1, '2018-01-14'),
(111, 123456797, 1, '2018-01-14'),
(112, 123456798, 1, '2018-01-14'),
(113, 123456799, 2, '2018-01-14');

--Fazer observaçoes

INSERT INTO `Módulos` (`Id`, `Nombre`, `Descripcion`) VALUES
(1, 'Modulo 1', 'Minha descrição do modulo 1'),
(2, 'Modulo 2', 'Minha descrição do modulo 2'),
(3, 'Modulo 3', 'Minha descrição do modulo 3'),
(4, 'Modulo 4', 'Minha descrição do modulo 4');

INSERT INTO `Responsáveis` (`RG`, `Nombres`, `Cel`) VALUES
(123456701, 'DANIEL', 'Fernadno', '21996513170', ''),
(123456702, 'dasdasdasd', 'qweqweqwe', '21996513170', ''),
(123456703, 'pepito papa', 'pipito apellido', '21996513170', ''),
(123456704, 'jose anibal', 'cely altuzarra', '21996421096', ''),
(123456705, 'jose vicente', 'lancheros', '21992117809', ''),
(123456706, 'Esperanza', 'Ramos', '21998752444', ''),
(123456707, 'LUIS FERNANDO', 'jimenez rodriguez', '21992340818', ''),
(123456708, 'jonas', 'siqueira', '21992340818', ''),
(123456709, 'jonas', 'siqueira', '21992340818', ''),
(123456710, 'daniel', 'jimenez', '21992340818', ''),
(123456711, 'juan', 'esteban', '21992340818', ''),
(123456712, 'daniel', 'eduardo', '21992340818', ''),
(123456713, 'Alejandro', 'Torres', '21992340818', ''),
(123456714, 'luis Fernando', 'Jimenez Rodriguez', '21996513170', ''),
(123456715, 'Rene Jonatan', 'Andrade', '21992066433', ''),
(123456716, 'Daniel', 'Fernando', '21996513170', ''),
(123456717, 'Profesor Ciro', 'Sierra Gonzalez', '21998689620', ''),
(123456718, 'Ivon Maritza', 'Arguellez Becerra', '21994440615', ''),
(123456719, 'Oscar Leonid', 'Tamayo Farfan', '21995516627', ''),
(123456720, 'Yaneth Patricia', 'Gomez Pereira', '21993428710', ''),
(123456721, 'Miryam Lucy', 'Tarquino', '21992449642', ''),
(123456722, 'Javier', 'Sanchez', '21992364245', ''),
(123456723, 'Julio Ciro', 'Ruiz', '21994008306', ''),
(123456724, 'angela', 'paez', '21992921794', ''),
(123456725, 'Joselin', 'Ortiz', '21998316400', ''),
(123456726, 'Judith', 'Gomez', '21996384616', ''),
(123456727, 'Maria paula', 'Jerez', '21993661701', ''),
(123456728, 'William', 'Borbon', '21993131953', ''),
(123456729, 'marleny', 'cstro', '21995600679', ''),
(123456730, 'Johana', 'Jimenez', '21994153389', ''),
(123456731, 'Rocio', 'Cuellar', '21995690810', ''),
(123456732, 'Lucia', 'Esmeral', '21993003964', ''),
(123456733, 'julio cesar', 'ceron', '21993984216', ''),
(123456734, 'Sandra', 'Perico', '21996435672', ''),
(123456735, 'Sandra Gynery', 'Gallo', '21995542575', ''),
(123456736, 'Francia', 'Pava', '21995104216', ''),
(123456737, 'Luis Fernando', 'Gil Torres', '21993824588', ''),
(123456738, 'Luz Marid', 'Villabona', '21998754296', ''),
(123456739, 'Martha', 'Ruiz', '21993733677', ''),
(123456740, 'itala', 'Rodriguez', '21992568341', ''),
(123456741, 'martha', 'perez', '21992857662', ''),
(123456742, 'Henry', 'Suarez', '21994212471', ''),
(123456743, 'Rene', 'Avila', '21992065155', ''),
(123456744, 'MARTHA ELENA', 'FAJARDO', '21998798735', ''),
(123456745, 'JAVIER', 'BORDA', '21992096938', ''),
(123456746, 'Olga', 'Pirajan', '21992050963', ''),
(123456747, 'Francisco', 'Romero', '21998337493', ''),
(123456748, 'Alejandro', 'Cortes', '21998154636', ''),
(123456749, 'Henry', 'Patrado', '21992093681', ''),
(123456750, 'Luis Fernando', 'Jimenez', '21996513170', ''),
(123456751, 'Luis Fernando', 'Jimenez', '21996513170', ''),
(123456752, 'Luis Fernando', 'Jimenez', '21996513170', ''),
(123456753, 'LUIS FERNANDO', 'Jimenez', '21992340818', 'calle 168 #65-50'),
(123456754, 'LUIS FERNANDO', 'Jimenez', '21996513170', 'calle 168 # 65 -50'),
(123456755, 'Mauricio', 'Robayo', '21997449472', ''),
(123456756, 'CLAUDIA', 'RIVERA', '21995869120', ''),
(123456757, 'Roman', 'gomez', '21993501420', ''),
(123456758, 'ERIKA', 'CUIDA', '21992130434', ''),
(123456759, 'Oscar', 'quintana', '21993211977', ''),
(123456760, 'MARIA I.', 'PARRA', '21993186146', ''),
(123456761, 'Manuel', 'Ramirez', '21992216123', 'call35 #25-40'),
(123456762, 'Janeth', 'Valenzuela', '21995384222', ''),
(123456763, 'Yenny', 'Sanchez', '21997570649', ''),
(123456764, 'Edna', 'Chavez', '21993271951', ''),
(123456765, 'Sandra', 'Jiménez', '21992877499', ''),
(123456766, 'GRACIELA', 'WILCHES', '21995547459', ''),
(123456767, 'Edinson', 'Jimenez', '21993387706', ''),SELECT * FROM `Escola` WHERE 1
(123456768, 'PEDRO', 'GARAVITO', '21995971891', ''),
(123456769, 'NESTOR', 'ZAMBRANO', '21995218738', ''),
(123456770, 'DIANA', 'MANOSALVA', '21998165074', ''),
(123456771, 'LUIS FERN', 'JIMENEZ', '21992340818', ''),
(123456772, 'LUIS', 'JIMENEZ', '21996513170', ''),
(123456773, 'LUIS', 'JIMENEZ', '21996513170', ''),
(123456774, 'LUIS', 'JIMENEZ', '21996513170', ''),
(123456775, 'DANIEL', 'JIMENEZ', '21996513170', ''),
(123456776, 'LUIS', 'JIMENEZ', '21996513170', ''),
(123456777, 'SANDRA PATRICIA', 'ACERO', '21993152621', 'CL 145 A  # 143 80'),
(123456778, 'SANDRA PATRICIA', 'ACERO', '21993152621', 'CL 145 A  # 143 80'),
(123456779, 'MISAEL', 'PEDRAZA ALVARADO', '21994545245', 'cl 140 # 100 30'),
(123456780, 'DANIEL', 'JIMENEZ', '21992340818', ''),
(123456781, 'APOLINAR', 'ESCARRIA', '21992011475', ''),
(123456782, 'LUIS FERNANDO JIMENEZ', NULL, '21996513170', ''),
(123456783, 'LUIS FERNANDO JIMENEZ', NULL, '21992340818', ''),
(123456784, 'LUIS FERNANDO JIMENEZ', NULL, '21992340818', ''),
(123456785, 'LUIS FERNANDO JIMENEZ', NULL, '21992340818', ''),
(123456786, 'LUIS JIMENEZ', NULL, '21992340818', ''),
(123456787, 'LUIS JIMENEZ', NULL, '21992340818', ''),
(123456788, 'YASBLEIDIN CORTES GUCHUBO', NULL, '21992340818', 'cll 168 No 65-50'),
(123456789, 'JHOHANA GARZON', NULL, '21993004639', ''),
(123456790, 'MARIO REYES', NULL, '21994705072', ''),
(123456791, 'RICARDO PADILLA', NULL, '21992648297', ''),
(123456792, 'LUIS JIMENEZ', NULL, '21996513170', ''),
(123456793, 'DAVID GRANADOS', NULL, '21996180863', ''),
(123456794, 'ZORAIDA MARROQUIN', NULL, '21992149524', ''),
(123456795, 'ELSA GUERRERO', NULL, '21998693715', ''),
(123456796, 'ALEXANDRA PIZA', NULL, '21995617088', ''),
(123456797, 'JHON ALEJO', NULL, '21993982507', '');

--Fazer Inscrição_inscrito